<?xml version="1.0" encoding="UTF-8"?>
<vehicle>
	<car>
		<vehicleId>1</vehicleId>
		<make>Make1</make>
		<model>Model1</model>
		<engineInCC>10</engineInCC>
		<fuelCapacity>11</fuelCapacity>
		<milage>12</milage>
		<price>750000</price>
		<roadTax>5000</roadTax>
		<ac>true</ac>
		<airBag>true</airBag>
		<powerSteering>true</powerSteering>
		<createdBy>User1</createdBy>
	</car>

	<car>
		<vehicleId>2</vehicleId>
		<make>Make2</make>
		<model>Model2</model>
		<engineInCC>20</engineInCC>
		<fuelCapacity>21</fuelCapacity>
		<milage>22</milage>
		<price>600000</price>
		<roadTax>2000</roadTax>
		<ac>false</ac>
		<airBag>true</airBag>
		<powerSteering>true</powerSteering>
		<createdBy>User2</createdBy>
	</car>

	<car>
		<vehicleId>3</vehicleId>
		<make>Make3</make>
		<model>Model3</model>
		<engineInCC>30</engineInCC>
		<fuelCapacity>31</fuelCapacity>
		<milage>32</milage>
		<price>850000</price>
		<roadTax>4000</roadTax>
		<ac>true</ac>
		<airBag>true</airBag>
		<powerSteering>false</powerSteering>
		<createdBy>User3</createdBy>
	</car>

	<bike>
		<vehicleId>4</vehicleId>
		<make>Make4</make>
		<model>Model4</model>
		<engineInCC>40</engineInCC>
		<fuelCapacity>41</fuelCapacity>
		<milage>42</milage>
		<price>50000</price>
		<roadTax>500</roadTax>
		<selfStart>true</selfStart>
		<helmetPrice>1200</helmetPrice>
		<createdBy>User4</createdBy>
	</bike>

	<bike>
		<vehicleId>5</vehicleId>
		<make>Make5</make>
		<model>Model5</model>
		<engineInCC>50</engineInCC>
		<fuelCapacity>51</fuelCapacity>
		<milage>52</milage>
		<price>60000</price>
		<roadTax>600</roadTax>
		<selfStart>false</selfStart>
		<helmetPrice>1500</helmetPrice>
		<createdBy>User5</createdBy>
	</bike>

	<bike>
		<vehicleId>6</vehicleId>
		<make>Make6</make>
		<model>Model6</model>
		<engineInCC>60</engineInCC>
		<fuelCapacity>61</fuelCapacity>
		<milage>62</milage>
		<price>75000</price>
		<roadTax>300</roadTax>
		<selfStart>true</selfStart>
		<helmetPrice>1700</helmetPrice>
		<createdBy>User6</createdBy>
	</bike>
	<plane>
		<vehicleId>6</vehicleId>
		<make>Make6</make>
		<model>Model6</model>
		<engineInCC>60</engineInCC>
		<fuelCapacity>61</fuelCapacity>
		<milage>62</milage>
		<price>75000</price>
		<roadTax>300</roadTax>
		<selfStart>true</selfStart>
		<helmetPrice>1700</helmetPrice>
		<createdBy>User6</createdBy>
	</plane>
</vehicle>

